Comment ID,Author,Score,Comment Text,Sentiment Label,Sentiment Score,EV Context
le39p6l,Dirks_Knee,63,"You're kinda the inverse example which highlights charging in a more of a spotlight than it often is. For those who own an EV and charge at home, we spend the vast majority of the time of ownership experiencing vehicular bliss of literally never having to visit a gas station and no maintenance, just waking up to a fully charged vehicle and going about our business. Road trips require better planning for sure and there are some rural routes which are near untravellable. Don't get me wrong, more charging options will be great overall. Simply I've grown way, way beyond the idea that a little inconvenience in the 1-2 road trips a year I take outweigh the extreme benefits.",positive,0.9925738573074341,charging station charging
le3j257,iwantthisnowdammit,33,Weâ€™re in the â€œbefore USB outlets on airplanesâ€ moment of electric cars,positive,0.9810966849327087,electric
le3icon,StLandrew,8,"I have to record this for posterity. ""I own a ICE vehicle, but often will rent EVs for road trips as road trips are just better in EVs"".

Yes they are. I've driven in BEVs for several years now, but until recently had never used a Granny Lead. That is, the one that, in countries with 230-250V, you can charge overnight and receive a decent amount of charge. Still, I always thought that they were really there for emergencies. How wrong I was. A Granny Lead makes the inconvenient parts of BEV usage on road trips an absolute doddle. I accept that this works better in Britain and Europe, but let's say you set off on a holiday to get to a destination. Somewhere where you'll be staying but in the countryside. You have electricity when you get there, but otherwise nothing. No matter. Overnight you'll get 70+ miles into the battery. So you can run around the area with not a care.

And I run a VW ID3 - the pernickiest brand of BEV you could wish for. If a rapid charger is going to fail it'll do it on my car. But generally, they don't. That is, in the UK/Europe. Sometimes they do. But 5 minutes later we're up and running and I'm in the cafe next door, getting a coffee.

Going to say the T-word. Tesla. If you are are at all worried about any kind of charging reliability, get a Tesla. The Super and Destination chargers simply do not go wrong \[they do, but it's really, really, really rare\] and there are so many of them that there's always one around anyway. Even Jim Farley, the CEO of Ford recognised this. That's why he signed a deal with Tesla to let Fords use the Supercharger network. Then pretty much everyone else joined like dominoes falling.",positive,0.9969522953033447,charging
le3t74x,MBSMD,8,"The non-Tesla charging infrastructure along the route I take to visit family out of state is terrible, though there's a ton of Tesla Superchargers along the way. I have a Tesla Model 3 and no trouble at all charging on the way down and back, but my lease is up in March and I won't be getting another Tesla (because reasons). 

Unfortunately, I'm also kind of SOL insofar as getting a CCS-based or even a not-yet-in-existence NACS-based EV because there's very few generic CCS charging stations, and no third-party NACS chargers yet, along the routes I consistently travel (I've looked carefully). While plentiful, the Tesla Supercharger stations are either Gen 1 150KW or Gen 2 250KW, neither of which have Magic Docks, so I don't think any of them will work with non-Tesla vehicles (like a Volvo or a Kia EV) even with a proper NACS adapter -- though correct me if I'm wrong. 

And the few CCS-based charging stations that do exist along the route I travel have at most 4 stalls, some are 50KW max, and all are frequently ICE'd out or simply non-functional according to PlugShare. I simply cannot risk being stranded with nowhere to charge. There's a Walmart about half-way through my usual trip that has 16 Electrify America stalls, but I can't get to it on a single charge at highway speeds. In my Tesla, I usually stop twice to charge to 80% on the way down and again twice on the way back. At least I can L2 charge when I reach my family's place at the destination.

I will likely sit out this round after I turn in my Model 3 and get a plug-in hybrid instead, where I can at least drive electric around town and charge at home (so, remain electric 85% of the time), and not have to worry about finding appropriate charging stations when I travel long distances from home. 

I'll see what the charging ecosystem looks like in another 3-4 years - hopefully better. Though if DJT gets elected, I'm worried that it'll potentially look worse than it does today.",positive,0.9941397905349731,charging charging charging charging electric electric charging charging
le3sxk9,dacripe,4,"I completely agree.  I have rented EVs and the reliability issue with charging stations is the biggest problem.  Also, stations need to be like Tesla with a minimum of 8 units.  This 1 or 2 units at like half the stations in the country is shit.  Especially when half the chargers are down or deregulated most of the time.  EVs themselves are great, but the charging network here in the US sucks.

We go on road trips every other week and would need a reliable way to charge each time.  That's what makes me hesitant about getting my first EV this fall.  Gotta love the people on here complaining that road trips are a small portion of their experience and they charge at home most of the time.  So then, why are we complaining?  You are correct people.  Charging at home makes EVs great.  It's worrying about doing a road trip that is the problem.  Plus, many people don't just stay within an hour of home all the time.

EV charging on road trips are a PITA for non-Tesla owners.  If we want EVs to grow and overtake ICE vehicles, we need a more reliable charging network.  Period.",positive,0.9182980060577393,charging charging charging charging charging
le3egjl,LinusThiccTips,12,"This was a huge factor for me getting a Tesla, superchargers just work and there are many around me. My first choice was a Kia EV6. Though now I realize if you can charge at home (which I do), charging infrastructure is not as important as I thought it was. We need way more L2 chargers than DCFC imo, put lots of L2 charges in sidewalks, parking lots, apartment buildings, where most people park their cars for many hours. Theyâ€™re way cheaper than DCFC as well. Europe does this really well.",positive,0.894046425819397,charging
le3qksz,Emotional_Mammoth_65,4,"We have a phev and a bev. I agree with you that charging infrastructure needs to improve. 

The beautiful part of this technology is charging at home at night. We have only used a paid charger once. The phev I have owned for over a decade and the bev for 2 years.

For those with homes - this is the major advantage. I get this is an issue for car rentals and for those in apartments.",positive,0.9969358444213867,charging charging
le443qj,EnjoyerOfBeans,4,"It's not just the US. I'm from Poland and planned a road trip today, ended up having to stop in a pretty large city with 8 fast chargers. Awesome. I love me some redundancy.

I spent an hour driving from charger to charger until the last one finally worked. If it didn't, I'd have to cancel my entire weekend plans with a booked hotel and attractions, probably call my insurance and get my car towed to somewhere it can be charged.

I love driving and owning an EV but this is absolutely unacceptable. How I can drive to a city with 220k people and almost get stuck there with no way but to sleep in my car and granny charge in some parking lot is insane. If things don't improve fast there's no way people are going to switch to EV. I hope things look better abroad.",positive,0.99224454164505,fast fast
le5223p,mccalli,4,"I'm in the UK, but a thing we have in common is the daft names for charging speeds too. Fast, Rapid, Super...c'mon. Stick with a kWh rating and nothing else. I've been driving an EV for a little under six years now and I still can't remember the different names.",positive,0.9968760013580322,charging
le5ay48,stay-awhile,4,"This, times like 1000 percent.

My garage has been full of junk this week, so I haven't been able to charge my EV. No problem, I figured, I would just go to a convenience, which has 2 50kw chargers supported by Shell. It's not close to me, but I had time to kill, which made charging convenient.

The first one wouldn't read my card. The second one did, but wouldn't charge. The second time it worked (and put a $20 hold on my card), it worked.

4 tries across 2 stations. If I couldn't charge at home, and was dependent on these two chargers - the only two in the whole town - I wouldn't _want_ to own an EV.",positive,0.9994310736656189,charging
le3xdcu,Flowers_By_Irene_69,3,"More than once Iâ€™ve been to an EA station and the software is being updated, reducing the 150 kW charging down to less than half that. On Friday. At 5:00 pm. 
I called and asked them to try to put in a work order to update at off-peak hours (3:00 am on a Tuesday, or something). -Donâ€™t know if it made any difference. 

Sometimes they slow down to half-speed inexplicably. Sometimes they do if itâ€™s a hot day. Sometimes Iâ€™ll go grocery shopping while itâ€™s â€œchargingâ€ only to return and see that there was an â€œerrorâ€ five minutes into what shouldâ€™ve been a 30 minute charge, and need to start over. (I also got charged an idle fee because my car â€œwasnâ€™t chargingâ€ for not than ten minutes! Though I was able to argue for a refund on that one).",positive,0.9991368651390076,station charging slow
le47ge3,IM_The_Liquor,3,"I only really need DC charging at the traditional highway gas station places. I try to pick my destinations to have level 2 for overnight. I tend to make stops at places that have free level 2 when Iâ€™m travelling along. I mean, I donâ€™t try for speed runs these days. If it takes me 3 days to get somewhere, thatâ€™s how long it takes and I plan my time accordingly. Iâ€™m not above sleeping in the back seat while Iâ€™m overnighting at a level 2â€¦

But yes. There needs to be a lot more level 2 available in the urban environment and more dc fast charging on the free ways (one day, hopefully, theyâ€™ll be as easy to find as a gas station). And they all need to work and work properly.",positive,0.9950990080833435,charging station fast charging
le47xkd,ttystikk,3,"Why are charging station companies allowing this to happen? I can't believe it's as simple as their inability to keep up with maintenance and repairs? There's a lot of money on the line. 

Is there a reason that it might be to their advantage to NOT work as hard as they can to keep their charging stations online as much as possible?",positive,0.9992510676383972,charging station charging
le4wkzu,Vexan09,3,"I feel this on a deep level. A few weeks after I got my EV6 I went to an electrify america charger, spent 20 minutes trying to get the terminal to accept any form of payment whatsoever with the people attempting to charge beside me having the exact same problem and eventually just gave up. 

I really wish there were more fast chargers around since they are the main ones people want regardless if they're in a rush or not. I'm planning to buy an adapter so I can charge on the tesla network but until then I'm sticking with home charging.",positive,0.9943804144859314,fast
le5hu46,Ioatanaut,3,"And reliability in general. 
  
Most of us know about industry practices of making electric and internal combustion vehicles that priorize profits to a fault, making designs that cause failure and issues that require an entire engine replacement, and in some cases, a completely new vehicle. Planned obsolescence aside, financially driven designing has sacrificed durability and sustainability to underengineer products have been industry practises for a hundred years or so. The model T was a car designed in this fashion and caused a manufacturing revolution.
  

 A lot of effort and research is going into manufacturers trying to create new technologies to be more efficient and cause less toxins to be released during manufacturing and vehicle usage, however opposite effort and research has gone into making sure the vehicles are as cheap to make as possible.  

 Designs that break down within a few years can cause massive amounts of trash, waste, and in the case of electric vehicles, e-waste. 

EV manufacturers have not made their battery packs easy to recycle, with most having substrate filled in between each cell. These substrates can be extremely hard and time consuming to remove. 
  
Internal combustion vehicles manufacturers have designed engines and components that fail. No matter how efficient a car is, if it's breaking down within a few years, that's a lot of resources wasted on mining, manufacturing, shipping, and then storing and recycling, f it does get recycled. Eventually we'll run out of space to store these broken downcars, and recycling them uses a lot of resources and causes toxic fumes and pollutants from the chemicals (unfortunately legally depending on country and illegally) released. Stored cars release pollutants as well.

 For example: I was watching a video about mechanics working on cars, and in one the 2018 Ford F150's 2.7L V6 was shown to have a thin rubber belt powering an oil pump inside the engine. TECHNICAL SERVICE BULLETIN 2.7L EcoBoost 23-2083 States:
 >Issue: Some 2015-2017 F-150 vehicles equipped with a 2.7L EcoBoost engine may exhibit an oil leak from the oil pan RTV seal. This may be due to various concerns with the oil pan. To correct the condition, follow the Service Procedure to replace the oil pan with the later style oil pan.  

 Leaking oil onto the roads and requiring a plastic drain pan be replaced for leaking oil more often than other designs is a lot of waste introduced to the environment.  

 There are regulations in some countries, states, and providences requiring EV vehicles become a percentage of manufacturers vehicle line up. I believe it would be useful to introduce regulations to disincentivise manufacturers from designing vehicles, vehicle components, engines, and engine components that fail more often than other designs.",Error,0.0,electric electric battery
le606sk,indoorhatguy,3,"Got rented a Ford Mach-E 2024 a few weeks ago in South West Texas. Amazing vehicle, one of the smoothest rides I've ever ridden. 

What a shit show charging was. Swapped it out for an ICE 5 days into my trip because EvGo was just not reliable, charging was such a hassle. 

Killed my enthusiasm for going electric.",positive,0.9956654906272888,charging charging
le3743c,Deleted,10,"This is the unfortunate reality right now, and the reason I bought a PHEV when I did. It has 60-80 miles of electric range, but I can't count on a working CCS charger ANYWHERE I take it out of town. Even 50kW options are a nightmare to depend upon. The bitter irony is that in the 5 years I have owned it, EA put in a charge station 2 miles from my house that seems to be the most reliable one around - and of ZERO use to me since I charge at home.

I just can't go anywhere without having to rely on gas to complete the trip. And even if my car had twice that range, there are still a lot of places I cannot go around here with any expectation of charging options.

It's sad really. Electricity is everywhere. Chargers should be as well.",positive,0.9989733695983887,electric station charging
le38m84,ICEeater22,9,Teslas charging network is phenomenal. NACS access will change the game for all EVs.,positive,0.9994668364524841,charging
le3c6ua,GangAnarchy,7,I'm thinking it's going to be a chicken and egg kind of thing honestly. Tesla has had very reliable charging stations in part because they had to. A few years ago there were not any other long distance electric cars to speak of. Most were charge at home Leaf type commuter cars. Demand just wasn't really there for a reliable charging network unless you were Tesla. But the last couple years EV sales have boomed. Of course now the problem is every car manufacturer has promised to go to NACS so that's put a damper on charging network expansion. It's all a cluster fuck.Â ,positive,0.9834693670272827,charging electric charging charging
le37jch,skinnah,13,This is why everyone is switching to NACS to use Tesla Supercharging. Tesla's charging reliability has been much better than others. They also have the biggest network in NA.,positive,0.8557121753692627,charging
le3nm8h,Curious-Welder-6304,4,"Agree. The whole idea that 260 miles is a good battery range is predicated on the idea that you can find a reliable and fast charger in a location that is convenient and desirable. Instead, we have sparsely spaced, overcrowded and unreliable charging stations at the edge of a Walmart parking lot.

On road trips I am often forced into ""defensive"" charging stops. For example, well if I wait until the next charging station, if it doesn't work I'll be screwed! Or what if there's a long line? There's no line at this one here now!",positive,0.9988043308258057,battery range fast charging charging charging
le3tznp,cantsingfortoffee,4,">rent EVs for road trips as road trips are just better in EVs

Please expand on this. So many comments in this (and similar) subs say, ""I keep an ICE for long trips."" If  you manage to make it work in rentals, surely it would be easier in an owned EV.

And yes, I  agree about charging, especially on highways and motorways. The UK is slowly improving. My experience in France is in another league. Stops every 30-60 miles with a good number of fast chargers available.",positive,0.9891636371612549,fast
le3qj0m,Environmental-Low792,2,"We need smaller, cheaper EVs. An average person drives around 30 miles per day, a few days a week. 

If I had a car for 10k that had a range of 100 miles and the seating capacity for 2, I would happily buy it. 

My choices for 10k are either an 8 year old ICE machine or EV, and the cost of a battery replacement is so much, that it's terrifying to buy an out of warranty EV, towards the end of the battery lifetime. 

If I was to lease/but an EV, that I would use an average of 15 times per month, for 30 miles each time, that's one tank in an ICE car, costing $40 or $600 visit from an electrician to install a new breaker, conduit, and a outlet, plus $30 in electric cost. 

Add to that the higher insurance and repair costs of EVs. 

Why is no one else interested in cars like the electric smart for 2?

I keep seeing posts on Reddit about how people don't have money, and then I see the reports that the average cost of a car being bought is $48k. 

Please excuse my rambling. I would really love a cheap and basic EV that could get 30 miles of charge, over 16 hours, plugged into a 120V outlet, and have a range of at least 75 miles. No screen, AWD, sunroof, or anything else required.",positive,0.9975866079330444,range battery battery electric electric range
le47194,1995FOREVER,2,"Do your research on charging curves. I think it is way more important to have a flat charging curve than a 350kw peak charging rate which the car will sustain for 0.4 minutes, or the charger will not even reach this speed due to a myriad of reasons. 

I took a 1400km road trip last week and charged 3 times. My car should be able to get 100-150kw charging speeds, but I got 66kw, 80kw and 130kw on a 100kw, 200kw and 350kw charger respectively. I know it wasn't an issue with my car because many people complained about slow speeds on plugshare. However, my 20-80 time was still around 30-40 minutes because the car can sustain 90kw up until 80+% SOC. I am obviously going to be slower charging than say an ioniq 6 with fully working chargers, but I don't have to specifically look for 350kw chargers, and I do not care if they are not giving out their rated speeds since a 40 min break isn't life ending.",positive,0.9988995790481567,charging charging charging charging slow charging
le4jrio,FantasticMeddler,2,"Gas stations need to all add ev charging , it complements their business model.

As someone who has to charge publicly often, I ageee 100%. 

I try and make the best of it, because it is what it is. But the apps and the chargers are often not accurate; and there is no simple way to report something isnâ€™t working at say Evgo.

So you spend time parking and preparing the charger, hope it works on the first-third attempt, then you sit in a corner of a parking lot with no place to use the bathroom or get refreshments while you sit around 30 minutes. Can easily take 45. 

There is a market for a better experience for ev charging stations.

For those of you that have charging at home, Iâ€™m happy for you, but many do not own a home yet or have a charger. There needs to be a better experience. 

Yesterdayâ€™s crowdstrike outage crippled Evgo.",positive,0.9991850256919861,charging charging charging
le58kua,Deleted,2,"The reliability problem persists because Fast chargers are not standardized. They should make 5C fast chargers mandatory with GPS based tracker to check their working status and app based status updater to ensure swift and quick response/warning from users, for everyone to see, if it goes down.",positive,0.9988749623298645,fast fast
le6h246,j_roe,2,"I have an EV and have found low cost L2 charging is lacking.

Most routing on the longer distance trips had decent enough DC fast charging but if more hotels had L2 overnight charging life would be much easier.",positive,0.9991980195045471,charging fast charging charging
leapw1p,albireorocket,2,"By the way, for whoever is in the Boston, MA area, you can suggest a charging location for the City of Boston here: [https://survey123.arcgis.com/share/5860693ccb5a4542ab831accea333615?portalUrl=https://boston.maps.arcgis.com](https://survey123.arcgis.com/share/5860693ccb5a4542ab831accea333615?portalUrl=https://boston.maps.arcgis.com)",positive,0.991689920425415,charging
le3bhpc,Swastik496,3,"how come you find an EV simply better for road trips but not local use? Where you never have to worry about where to charge or the battery % or anything similar.

Plus residential rates are a lot cheaper than any public charger.",positive,0.9863998889923096,battery
le3okyk,roofgram,3,"The problem is if chargers worked reliably, more people would want to buy EVs.

Legacy auto can't build EVs with the same profit margins as ICE vehicles.

Therefore legacy auto hopes you have a **horrible** charging experience, and **hates** that you bought an EV because they lost a lot of money building it (offset by government incentives for now at least).

With enough gullible burned customers legacy auto can blame demand, cut production of EVs, and go back to making more profitable ICE vehicles.",positive,0.9996533393859863,charging
le3kbg2,WonderChopstix,2,"I appreciate insight but no one is catering to people who rent EVs. That's a reality. 

So charging is a bit different given it's a daily driver for owners. And as you gain experience as an owner you better understand the network... the pros and cons and how to better navigate it so it's a non issue on road trips.  The infrastructure is growing by leaps and bounds. No is going to agree thst improvements are needed.",positive,0.9142634868621826,charging
le3cnob,Qfarsup,1,"Idk how the hell you think they are better for road trips. We have one EV and one ICE. We always take the ICE on road trips. It goes 500 miles or more on a tank of gas and takes 5 minutes to fill. If I take the EV on a 5 hour drive it adds an extra hour at least assuming all the chargers work. In addition to that the charging network on major highways is just as expensive as gas. I pay a fifth of that at my home charger. 

Driving the EV around town for work and day to day stuff is incredible and thereâ€™s even a few free chargers around where I travel for work so even more gas savings. Eventually will we get a PHEV for the road trip car or an EV if the battery and charging tech has sufficiently improved. Hyundai and Kia are almost there anyways.",positive,0.9783073663711548,charging battery charging
le36ilg,Betanumerus,1,I agree. There is no reason why charging stations canâ€™t be maintained as well as helicopters.,positive,0.8772815465927124,charging
le3hq87,byerss,1,"An EA 150kW station should only be a few minutes slower than a 350kW station in reality. They often go up to 175kW actual and sustain most of the eGMP charging curve, just not the peak.Â 

It definitely shouldnâ€™t have taken you 35mins to get to 80% on a 150kW charger.Â ",positive,0.9980660080909729,station station charging
le3um2x,Actionjunkie199,1,"Itâ€™s interesting that you make this post as only an EV renter as most EV owners (or leasers like myself) fully understand that 90% of the time you just charge the car overnight and start the next day at 80% battery. 

I do less than 10k miles per year so I routinely only charge overnight every 4th day or so. Also, my state offered huge rebates on home charging equipment so my level 2 charger was â€˜freeâ€™ and I pocketed the difference. 

I certainly agree that public charging is a long way from where it needs to be and even the habits of charging to 100% because you donâ€™t have a home charger are a bit controversial. Some folks canâ€™t get home charging at an apartment or condo, so itâ€™s not entirely their fault. They charge to 100 because itâ€™s their only source. But that is the slowest part of the charging curve. 

Weâ€™re in this transitional time. We should invest. Our global competitors will kick our ass in EVs if we stay stagnant and focus on ICE. Then the gap will never be closed.",positive,0.9725133180618286,charging charging charging charging charging
le3weer,fusionsofwonder,1,"We're still in the early adopter stage and there's a chicken-egg problem with EV sales versus charging.  More EVs should result in more chargers through public pressure, but a lot of people won't buy EVs until the charging situation gets better.  The US government threw like $2 billion dollars at charging infrastructure for this reason.",positive,0.998677670955658,charging charging
le59ok7,blackandgold32,1,"For every two to three gas stations along the interstate, there should be at least one EV station with a DC charge",positive,0.9954257607460022,station
le788mb,AbbreviationsMore752,1,"The majority of countries worldwide have Level 2 (L2) charging as the standard, with approximately 80% utilizing a 240 V electrical system. This facilitates a seamless transition to electric vehicles (EVs), as charging can be conveniently done at any location with an electrical outlet. In contrast, North America requires an additional step and incurs extra costs to obtain L2 charging, which can be perceived as a deterrent to EV adoption.",positive,0.9938972592353821,charging electric charging
lec8oyp,Martin_Steven,1,"Very odd.

EV owners will often rent ICE cars for road trips because of the significant advantages of ICE cars for long trips.

It's not just the lack of charging infrastructure that make EVs a sub-optimal choice for long road trips, it's things like the lack of a spare tire. You can buy a spare wheel and tire but it's $350-500.

I know some ""Tesla-only"" families and they will rent an ICE car for long road trips of more than 200 miles.",positive,0.9942677021026611,charging
lehr7i9,Plop0003,1,"All you need a Hybrid like my with 600 miles of range. If in your 20s you need to stop every 3-4 hours that means you are stressed and get tired too quickly. I can drive 7-8 hours in my car and I am going to be 67 this year. My car is extremely comfortable and made to drive long distances. Even my old car with less range I drove for much, longer than 3-4 hours. I drove from LA to Las Vegas over a hundred times 4.5 hours without even a hint of being tired. I drove from LA to Reno 8 hours, 460 miles because I had to drive very slow in some places due to 25mph limit on 395, no problem. And I drove from West Yellowstone to LA 1020 miles in one day with only one 30 minutes stop for gas, food and bathroom and another stop, 10 minutes for french fries and coffee later on.  Half of the trip was at 80-85mph because in Utah speed limit is 80mph. 

We don't need EVs and chargers that create stress for drivers. Pumping gas only takes a few minutes and it is stress free for any age.  And any gasoline nozzle fits any ICE car.",positive,0.935309886932373,range slow
lfcqpc2,SheepDogCO,1,"Please explain how going out of your way to rent an EV makes a road trip better. Â 

But yeah, I feel if governments are going to offer financial incentive to people who install charging stations then they also need to fine them when they arenâ€™t working properly.",positive,0.9982882142066956,charging
le3ix11,gregra193,1,Road trip? Renting an EV? Better rent a Tesla else have a terrible charging experience and waste tons of time.,positive,0.9997525811195374,charging
le3lmsc,ritchie70,1,"The thing that's mostly holding me back, aside from not being able to buy an EV that is what I want (basically an electric GTI) is that I won't buy a Tesla because Elon is a dick, and the only non-Tesla charging on the way to my mom's house is perpetually broken. Like, it's been broken for literally years. Every time I stop for gas there are orange cones in front of three of the 4 chargers and PlugShare says, ""have a backup plan.""",positive,0.9989166259765625,electric charging
le3nnnm,scott__p,1,"Owning and renting an EV are very different. I own an EV, and will not buy another ICE car ever again. When I travel, I almost ALWAYS choose an ICE because of charging.  

If you own an EV, you plug it in at home and have a full charge every morning. It's 1/2 to 1/5 the price of gas and it charges while you sleep. Perfect. If you don't have the ability to charge at home, it's about the same price as gas but way less convenient.

The charging situation needs to improve, 100%. But what we need are more L2 chargers where people live and work. DCFC should be for road trips only, and then they make sense.",positive,0.9852884411811829,charging
le7os2f,species5618w,1,"I think you are doing it the wrong way. Buy an EV for local commute (assuming you can charge at home even with a L1) and rent an ICE for longer trips. Problem solved. This way, there's also little reason to buy cars with big batteries which are just dead weight 90% of the time. Instead, people can buy cheap, shorter range urban commuters. Of course, better transit, bike lanes or robotaxi would be even better, but that's asking too much. I do think apartment buildings should add a lot more L1/L2 chargers.",positive,0.9997265934944153,range
le4aimu,jetylee,1,"You do realize that public charging and road trips apply to very limited usage and niches.  If thatâ€™s ALL youâ€™re using an EV for, then sure â€œI guess.â€

Iâ€™ve fast charged six times in the last 3 years.  lol.  You own a car for commuting right?  The EV should be for commuting.  Itâ€™s almost as if youâ€™re doing it backwards.  

Sorry.

As for the L2 convo people are having: you should see Georgia and Florida.  We have so many L2 locations itâ€™s almost impossible to NOT charge.   Like every bar and restaurant has at least one.",positive,0.999448835849762,charging fast
le4bu1a,ConversationNo5440,1,"Itâ€™s just the opposite. There are millions and millions of gas stations and ICE rental cars. The killer app for EV is daily short commutes and charge at home / charge at work. The gas cars can stick around for another couple decades for the jobs they are good forâ€”occasional long drives. For us and tens of millions of people like us, daily range requirement is 40 miles for 350 days of the year and 15 days of high mileage.

â€œBut I live on a horse ranch in rural Idaho and need to haul a trailer 400 miles a weekâ€ etc etc are outliers who can be ignored. Keep on with your truck.",positive,0.9888179898262024,range
le4o4t5,azurexz,1,Tesla capable EV and non-Tesla EV is a massive difference in charging experience.,positive,0.998629093170166,charging
le5cuja,earlgray79,1,"My city has free L2 chargers in the downtown area. The first year I owned an EV, I never installed my home charger -- I found I didn't need it -- I charged almost exclusively on those free L2 chargers. Then, chargers were plentiful and EVS were rare, so I was usually able to find an available L2 charger.

One frustrating aspect of public chargers on road trips is that many drivers don't understand how their car charges. My former BMW i3 had a max charge rate of 50 kWh, so I charged at the same rate on a 50 kWh charger as I would on a 350 kWh. This means I could leave the faster chargers open for the cars that can utilize the additional speed. 

Same principle applies for drivers charging to 100% every time.  In most cars, the last 20% of charging takes longer than the first 80% because the charging speeds taper off dramatically as the battery approaches 100%.

You could rightly argue that this is too much exposed technology and a driver should not need to know the quantiative aspects of their car's charging characteristics and I would probably agree with you. I expect that this problem will plague EV ownership until we develop a better charging model so drivers will not need to know anything about charging and can just plug in their car and charge.",positive,0.9983401298522949,charging charging charging battery charging charging charging
le5n0mm,ooofest,1,"Sure, always agree on better EV charging buildup - both quality and quantity.  I know EA has begun investing in upping the quality side of their existing installations this year, as an example.

On the DC charger side, I honestly don't mind waiting 35 minutes vs 15-20 for an 80% charge on a trip.  It's not a big difference in the larger scheme of things and I've taken the opportunity to relax more between driving segments.",positive,0.9821366667747498,charging
le65zlx,Itsallkosher1,1,"Wait, you get EVs for road trips? Thatâ€™s like, the opposite of what most would do. Drive an EV to commute. Around town. Charge at night when you sleep. Thatâ€™s where it shines.

A Tesla rental car is like the same price as a premium vehicle like a nice quiet Mercedes. Why would you want to plan out your stops for charging for a road trip?Â ",positive,0.9962388277053833,charging
le6vrd8,Zealousideal_Pay6444,1,Tesla will own it. Expect BEVs to be predominantly Tesla unless a union of brands say VW+BMW+MB properly fund a charging network like EA so that it can match the Tesla supercharger network 1-4-1 in plugs. BEVs will probably remain a novelty transport for the next few decades.,positive,0.9980242252349854,charging
le3mnuc,morebikesthanbrains,-1,"IMO I think we're finally at a point where as long as your car has 200 miles of range and can DC fast charge, charging infrastructure isn't a problem. 

A Better Route Planner with a Bluetooth dongle will give you almost the same (if not the same) trip planning experience you get with Tesla's native trip planner. 

DC fast chargers are plentiful except in a few states like WV, but even there it is getting better. You can road trip to most crowded places without an issue. 

And sure, sometimes individual chargers don't work but I've never been unable to complete a trip bc of this. Maybe it takes longer but never stranded (yet).

I'm driving about 8,000 miles per month in a Chevy Bolt, mostly Uber. No charging at home. Lots of road trips. 

It's fine.",positive,0.9252648949623108,range fast charging fast charging
le3qmd9,justvims,0,Charging is pretty dang reliable when you just plug in to your garage and occasionally road trip tbh. If youâ€™re renting I hear itâ€™s not great though. We need more workplace charging.,positive,0.9790773987770081,charging
le42gvw,bisufan,0,"Maybe a controversial take but what if drivers carried the cables and stations just had a plug on each side of the box? Then car manufacturers could use whatever port they wanted, charging companies wouldn't have to deal with stolen cables, charging jacks that are damaged from being dropped on the ground, and it wouldn't matter what side of the car the port is because the cable length wouldn't be fixed to one side but rather flexible.",positive,0.9329575896263123,charging charging
le6ibl6,Wendals87,1,"Level 2 ac chargers would be great. Supermarkets, playgrounds, movie theatres etc. Just plug in and charge for an hour or so 

I drove 230km to my brothers holiday house recently for the weekend in my kia Niro ev 

Got there with 30% charge left. There were no public stations nearby but there was one about 30km away and it was a community level 2 Tesla wall charger @11kw

It had a playground and stuff for the kids so we decided to drive there and top up a bit. Got there and it wasn't charging at all

Tried a few things and was disappointed but no big deal. We were there for about 1.5 hours and 15 minutes before we left I thought I'd check my car settings. Turns out I had left the scheduled charge timer on at off-peak times doh! 

Disabled that and it started to charge so got a tiny bit of juice. I just used their 10amp power overnight which got us up to about 70% which was plenty to get to a 350kw charger on the way home.

Charged for about 10 minutes (capped at 30kwh for some reason) but we made it home",positive,0.9930175542831421,charging
le7efg2,ronmoneynow,1,"2,000 mile, first ever long road trip in 2022 Ioniq 5 - 303 miles per charge. iâ€™ve owned the car for 2 1/2 years and 63,000 miles plus. I was hearing FOX conspiracy theories in my headâ€¦â€¦ but a better route planner (also verifying and checking out Electrify America app) eased my mind prior to departure.
13 DC fast charges at Electrify America / 20 mins was the longest charge time and 8 mins was the least. Only one station had a line of EVâ€˜s waitingâ€¦ Four and then one dropped out and it was about 15 minutes before I got to charger. We drove from Connecticut down to Asheville, North Carolina and the Blue Ridge Mountains then over to Wilmington, North Carolina and back home. I even asked the wife to get hotels with level two chargers only but she said the cheapest hotels didnâ€™t have chargers, which ended up being fine and I guess less expensive. That was May 2024. I had two years of free charging up until January 2024 at Electrify America, so I had to pay for my charges this time and I think I saved $100 versus gasoline. As soon as I get my Tesla supercharger adapterâ€¦ Hopefully in the next six months or soâ€¦â€¦ I will never ever ever ever shy away from a long road trip in the best driving and most stress-free driving vehicle Iâ€™ve ever owned. BTW: it seems to me hundreds of fast charging pumps, CCS, are coming online every week in the USA. The subsidies incentives and grants are out of this world. Putting in an EV charging station at every gas station seems like whatâ€™s happening at least on the rest areas and rest stops and flying pilot Jâ€™s and Buc-ees. I remember my first EV, Volkswagen Egolf, 2015, no ability to fast charge and one fast charger, 125 miles from my home. It had an 82 mile range lol.",positive,0.9870263934135437,fast station charging fast charging charging station station fast fast range
le391bm,Ok-Pea3414,6,"Have done a trip in a F150 from Virginia to Chicago only on superchargers. Hate the misaligned port and Teslas short cables, kinda had to wait twice for a suitable spot to empty up, but it's all smooth charging. Initial boost of up to 150kW and then the lightning just stays out at 120kW all the way up to 85%.

Just wish Ford allows higher speeds through a software update, the battery is large for only 120kW sustained speeds.",positive,0.9739950299263,battery
le3d4z3,tensory,5,You have the demand logic backwards. Tesla prioritized building a reliable charging network  because it would create demand for Teslas.,positive,0.9989286065101624,charging
le3cg2n,Ok-Pea3414,4,"Apartment living. I don't like living in suburban housing, too detached and lonely for me. Try my best to find a place that has charging facilities, but it's hit and miss.",positive,0.9989680051803589,charging
le3lxu8,Levorotatory,2,"That was my thought as well.  One pedal driving and instant torque makes EVs far more enjoyable for driving in traffic, but there is little difference in drive quality on the highway where you just set the cruise control and go.  I also own both, and my EV is my go to car in the city, but I use my ICE for most trips that would require charging away from home.",positive,0.8347538113594055,charging
le4pgok,Ok-Pea3414,3,"Apartment, no charging facilities. But an EV is super nice. The difference between a lightning and a gas f150 is day and night!",positive,0.9977425336837769,charging
le3qkox,eLishus,37,"Even shopping centers. The fast chargers are cool, but Iâ€™m done charging in 20-30 minutes. Itâ€™s rare Iâ€™ll be able to get my shopping done in that time (like retail or big box stores). A load of L2s would allow people to plug in and roam around for an hour or two (or more) and not stress about running back to their car to move it for the next person in line.",positive,0.9142691493034363,fast charging
le3n4tb,shicken684,4,"Yep, specifically picked hotels with L2 and even paid more for one to have access to the L2 charging so I could be at 100% the next day.",positive,0.9886631369590759,charging
le8unzi,caddymac,1,"Even a handful of Level 1 (L1) chargers would go a long way to make sure there was enough juice to get to a faster charger. 

I had a Jeep Wrangler 4Xe a few years ago as a rental for work travel. The only place I could charge it was an outlet/discount mall a few miles from the hotel. Had the hotel had even a L1 charger, I could have let it charge overnight and had a full battery in the morning. Instead I had to rely on using the gas engine.",positive,0.9995416402816772,battery
le4vdot,tjsean0308,0,"So many DCfast chargers at hotels. That's a huge miss-step. I also think the level 2 chargers that are in place at hotels should be more than just tagged onto the lights for the parking lot. One 208 circuit pushing 6.6kW shared isn't enough for the average-size battery to get a full charge overnight. It's definitely better than nothing, but when some places are charging a by the minute fee, 11kW ish should be the norm.",positive,0.9891861081123352,battery charging
le5k7f5,Ioatanaut,0,Plus it's way better to slow charge lithium batteries.,positive,0.9970839619636536,slow
le4aben,ScuffedBalata,6,"Running 11kw of power to a sidewalk is a MASSIVE project.Â  That said, Street charging near housing is good and necessary.Â  Tearing up commercial districts en masse to put L2 charging at shops is a waste of money.Â  Every single sidewalk panel near those meters would need to be torn up for wiring and rebuilt. Probably a transformer installed on every block. Â $1m per city block is my rough estimate. Maybe a third of that if there isnâ€™t major stuff in the way. Itâ€™s not â€œjust replace the meter, duhâ€",positive,0.9984169006347656,charging charging
le3od7r,Deleted,3,"L1 charging for daily 12hr or longer charging. L2 for localized work, 4hr to overnight charging. Fast L2 AC and medium speed shared powerd DC charging for destination and urban charging. Dedicated high power DC for interstate travel corridors.",positive,0.7537412047386169,charging fast charging
le3z9qi,Dirks_Knee,1,"That's something entirely different than the OP's use case. And frankly, I don't need to consider that at all, I will never fast charge in my local area. That's a decision someone individually needs to make for themselves whether the place they live offers charging and/or has enough local charging to meet their needs.",positive,0.9867710471153259,fast charging charging
le3zdwn,theyrejusttoys,4,"I like to be able to stop when I want to stop. And when I do stop, I like to decide how long I want to stop. 

EV road trips give me less flexibility and freedom. My time is valuable. I have kids too lol.

I can see that changing in the near future though with more range and more charging stations ðŸ‘",positive,0.9805872440338135,range charging
le3oa23,Deleted,8,"That is absolutely impractical and trite to suggest. Even if I could actually afford to do that, I don't want a car that big. My car suits my needs perfectly aside from the lack of reliable charging.

I also have zero interest in paying for battery capacity and weight I may need at most 10-15 days out of the year when reasonable improvements to charging infrastructure would solve every complaint I have about it.",positive,0.6198644042015076,battery charging
le3ckxf,null640,1,"That's a damn nice charging curve! What was the weather like?

I get up to 256kw in my Sept 19 dual motor 3. It drops fast.",positive,0.6222091913223267,charging
le3duxb,GangAnarchy,2,"It isn't backwards. The difference is Tesla made both. Electrify America doesn't build the cars. They aren't going to waste their time and money building a bunch of electric chargers unless there is money in it for them. Obviously that money doesn't have to be purely from charging opportunities, it can also be government grants etc.Â ",positive,0.9726919531822205,electric charging
le391j6,waka_flocculonodular,11,"Nobody wants Tesla to be the only game in town. No competition doesn't make for a good charging market. Some of the EVGo chargers near me have had NACS for a while. And similarly I've seen a Tesla at an EA charger, I asked and it's because he had a charging plan. It's important to have a competitive market.",positive,0.9979137778282166,charging charging
le39ajw,skinnah,4,"I don't either. The reliability issue has never been with the plug but the charging equipment. 

Tesla does sell its Supercharging units to other companies. BP bought a bunch.",positive,0.9761452674865723,charging
le3ayqa,reddit455,1,">Also, I don't want Tesla to be the only game in town.

  
maybe look at ***global*** leaders in charging.. and compare to Tesla's global numbers.

  
how many of these million are in the US?

**ABB E-mobility delivers millionth EV charger**

[https://www.greencarcongress.com/2023/01/20230131-abb.html](https://www.greencarcongress.com/2023/01/20230131-abb.html)

ABB E-mobilityÂ [announced](https://new.abb.com/news/detail/99363/abb-e-mobility-delivers-millionth-ev-charger)Â the delivery of its one millionth electric vehicle charger. ABB E-mobility **has a presence in more than 85 markets**



**ABB installs 1,600 AC chargers at Chinese housing development**

[https://chargedevs.com/newswire/abb-installs-1600-ac-chargers-at-chinese-housing-development/](https://chargedevs.com/newswire/abb-installs-1600-ac-chargers-at-chinese-housing-development/)



US market finally big enough to think about making chargers.. the 86th market?

**ABB expands US manufacturing footprint with investment in new EV charger facility**

[https://new.abb.com/news/detail/94725/abb-expands-us-manufacturing-footprint-with-investment-in-new-ev-charger-facility](https://new.abb.com/news/detail/94725/abb-expands-us-manufacturing-footprint-with-investment-in-new-ev-charger-facility)



>promised increased reliability with that. I am doubtful of their claims.

assume Shell's chargers are broken as often as their pumps. 

how many shell stations to you pass to get to a Supercharger?



>have promised to use NACS/J3400Â 

promised to take money from people who drive Teslas is another way to phrase that.



**Shell to sell 1,000 c-stores by 2026**

[https://www.cstoredive.com/news/shell-sell-1000-c-stores/710299/](https://www.cstoredive.com/news/shell-sell-1000-c-stores/710299/)

* The oil major did not specify why itâ€™s looking to sell these sites, nor which markets theyâ€™re located in. The divestitures will be part of Shellâ€™s new multi-billion-dollar program to upgrade its retail network with low-carbon energy solutions, including a heavy focus on electric vehicle charging stations, according to the report.",Error,0.0,electric electric charging
le3tyg8,Saygo0dbyeha,2,"For me personally, if it wasnâ€™t for the range Iâ€™d prefer my Mach e over the wifeâ€™s escape.  solely for blue cruise. But thatâ€™s just my personal situation.",positive,0.9905263185501099,range
le6a3cl,bisufan,1,"You're thinking like an ice vehicle refueling whereas my approach is like laptop chargers. The charging station could have 2-3 outlets depending on a standard developed and set by IEEE rather than a private company. If a car owner brings a cable they can have multiple adapters to plug into any outlet (like we do with all of our electronics). I'd rather have a few ports like we do with the electric plugs that work for all devices and rather than rely on every car manufacturer to do the customer friendly thing. Again this also solves maintenance by a ton because the wires (the most tampered with part of chargers) are taken out of the picture.  Less moving parts that are exposed to the elements, more reliable.",positive,0.9989473223686218,charging station electric
le3vgpi,cantsingfortoffee,17,">Even shopping centers

Why haven't the owners twigged on to this?
If you have a load (like 30+) of slow (7.4 / 22 kW) chargers with free (or nearly) juice, you have a captive market for 3+ hrs. The extra money spent in the centre will more than make up for the costs.",positive,0.9969633221626282,slow
lfcr333,SheepDogCO,0,That makes no sense. Â Thereâ€™s no difference in a fast charger spot being taken up for an hour or two vs a slow charger spot being taken up for an hour or two. Â The spot is still being taken up.,positive,0.9993487000465393,fast slow
le3oee4,wfus,6,Itâ€™s still pretty unreliable though in my experience. Iâ€™ve had to call ahead and make sure hotels have charging instead of it being â€œout of orderâ€ or having just one that multiple people have to fight over,positive,0.9976239800453186,charging
le4blgn,Jethro_Cull,4,"> Running 11kw of power to a sidewalk is a MASSIVE project.

Most street lamps were high pressure sodium, that used between 500W and 1kW each. Most of the modern LEDs that replaced them use about 100W. Street lamps are often wired for much more amperage than they use. I think the future of urban charging is 5G-connected smart EVSEs that are wired into lamp posts and charge at rates of 3kW-10kW depending on the load on the local grid. Most people would charge overnight and get near the max 10kW.",positive,0.9873650670051575,charging
le4m6j5,digitalluck,1,"Yeah thereâ€™s progress being made for sure, Iâ€™m seeing a lot of newer apartments being built installing chargers and enabling garages for charging as well. But here on the east coast, I still see a ton of older areas with a bunch of EVs just doing street parking with no charging.",positive,0.9877825379371643,charging
lwz285w,ronmoneynow,1,"In another hundred years, we will never have to plan an EV trip, we will get in our EVâ€™s and drive wherever the heck we want to
ðŸ˜ŽðŸ˜ŽðŸ˜ŽðŸ˜Ž
I really do think that there are many companies working to get a DC fast charger every hundred to 200 miles on all major highways in this country. That will really help.",positive,0.9971511960029602,fast
le3gs5z,GarbanzoBenne,4,"Electrify America is majority owned by Volkswagen. Despite this being born from Dieselgate, a working charging network is in their interests today.",positive,0.988587498664856,charging
le3ynah,Volvowner44,1,"I read ""CCS is unreliable"" as shorthand to point out, 1) (often) old, problematic hardware, and 2) the need to test compatibility with a much wider range of EVs, and the shortfalls in not testing thoroughly.",positive,0.9995995163917542,range
le3xspk,Qfarsup,1,"Yeah I get that. Both our ICE and EV have the L2 cruise control.  The one in the EV works slightly better but not enough for me to justify the charging times.

Edit: Happy Cake Day ðŸ°!",positive,0.9680681824684143,charging
lek8h5u,morebikesthanbrains,2,Charging cables of DCFC have liquid cooling integrated.,positive,0.7932189702987671,charging
le40xzh,smallaubergine,14,"There's a restaurant out in the Shenandoah valley called ""Off the Grid"". They have 4 L2 chargers and it's awesome, they definitely get EV drivers coming by for lunch like me because when I'm out that way there are next to no DC fast chargers.",positive,0.9997192025184631,fast
le40xqk,techno156,11,"Depending on the parking shelter structure, you could also pop some solar panels up, primarily use that to charge with, and further reduce the actual cost.

For why they don't, I imagine part of it is that they don't want to spend money on something that they don't have to. They already have a carpark, so that's money already spent. They don't have charging plugs, which would cost more, in addition to maintenance/vandalism/accidents, etc.",positive,0.9950547218322754,charging
le49cr8,ScuffedBalata,5,"Standard charging pedestal from ChargePoint is $7k for tow handles. Add $5k for wiring and making 30 of them is a $400k investment.Â 

Thatâ€™s WAY beyond the advertising budget of any single location store. Â Itâ€™s WAY beyond any benefit they might get.Â 

Getting a single unit and hijacking existing wiring while using grant money to fund half of it whileÂ being able to advertising â€œwe have chargingâ€. Thatâ€™s worth $5k maybe.Â 

But $400k? Â Fuck no. The ROI is completely imaginary.Â ",positive,0.9988647699356079,charging
leatg0x,theotherharper,2,"Yes, but I'm gravely disappointed with ""mid-speed"" stations at destinations where people will normally spend 1-3 hours.  All those stations should be at the hard architectural limit for charging (typ. 11 kW) to do as much good as possible in the limited time at hand. 

What actually happens is the stations are 4-6 kW and an employee gets there first, and camps the station for the entire day, since the low station speed means it takes the entire day to charge their car.  So it does not serve the purpose of drawing customers. 

Conversely, stations where a person will spend 9-14 hours (employers, apartment buildings, park-and-ride stations e.g. commute rail), should be a deliberately minimized 3-5 kW because *finishing is bad*.  Because the customer shortening their workday/sleep to deal with EV charging is madness.  With 11kW stations there, the car will finish at 2AM for an apartment, 2PM for employer or commuter rail, and nobody wants to wake up at 2AM or take a half sick day just to rush back to the station to avoid idle fees.   And even if they did, the station's ampacity would be wasted since none of its constituent users want to start charge at that time.",positive,0.9995713829994202,charging station station charging station
le8wsbv,GhostReddit,1,">Why haven't the owners twigged on to this? If you have a load (like 30+) of slow (7.4 / 22 kW) chargers with free (or nearly) juice, you have a captive market for 3+ hrs.

You underestimate the amount of cheapskates that live next door and will just take the car there to charge it instead of paying for electricity.

People will do that shit with anything ""free""",positive,0.9993265867233276,slow
le4c7f4,ScuffedBalata,4,"Lamp posts offering like 3kw is much more reasonable and possible.Â 

Â But again, near homes (esp those who canâ€™t do charging like multi-family and urban houses) is the REAL solution.Â ",positive,0.9681066274642944,charging
lec9wia,Martin_Steven,1,"Yes, that's the reality. But because people prefer to charge at home, either L1 or L2, the economics of some company installing pay chargers and getting enough customers to make it worthwhile, are not there. 

In my area, even if charging at home, the cost of electricity per mile, is higher than the cost of gasoline, per mile (for a comparable vehicle), if you're paying PG&E for every KWH.

If you have solar on your house, even with NEM 3.0 (with a battery) the economics change completely.

A commercial charger has to pay for electricity plus they have to cover the cost of installation and maintenance, so they tend to charge exorbitant rates. The latest problem is thieves stealing charging cables. We'll soon see commercial chargers where the vehicle owner has to supply their own charging cable, but then the owner really needs to stay close to their vehicle to ensure that the cable isn't stolen.",positive,0.9979648590087891,charging charging charging
le3vbl5,Deleted,1,"I want to see L1 in every pay by day, week, monthly or longer parking at airports and high density city urban area parking garages. For folks who donâ€™t need to use a car everyday. 

There was a time in 2019-2021 or so where there was plenty to too much DC charging for the amount of EVs on the road. Do we need more DC now? yes, there are lots of areas that still need it but there are too many people using DC when a AC solution done in cheaper higher speed destination L2 with faster than 7kw, 9-11kw would be enough.",positive,0.994024932384491,charging
le3w2j0,Deleted,1,"There also needs to be more investment by car sharing services lyft, uber taxi etc for dedicated private charging in order to operate in a city.",positive,0.999175488948822,charging
le3t8ya,Deleted,11,"That part is fine. Tesla however is absolutely slow crawling their promised compatibility with legacy CCS cars however. Musk took the federal subsidy, then fired the Supercharger team and has declared a move to Texas. He makes it difficult not to hate the living fuck out of him.",positive,0.9641064405441284,slow
le4ch1r,GangAnarchy,1,Let's hope they keep investing and making a more reliable network. They have some electric cars out so it's definitely in their interest to make that experience a good one.Â ,positive,0.9996390342712402,electric
le3m7og,skinnah,-1,"What issues did other companies see from the start that Tesla is suddenly going to experience? Tesla has had far and away the most EVs on the road in the US for many years. They've been pretty well tested for endurance already. 

EA had issues with charging stations derating early on with sparse usage. EA half assed their chargers. They are running the software side of them on Windows which is a really dumb choice for stability. You don't need to run Microsoft office on the things... They should have used a lightweight Linux OS.",positive,0.9986950755119324,charging
le4cvag,Deleted,3,"Yes that chargepoint model does not work for ROI, chargepoint is just too expensive rn to deploy for that situation. Their solution and price only works for smaller dozen stations max. 

What we need first in L2 is a bring your own cable solution on the market now as J3400 is finalised. The cables make up a majority of the production cost of L2 charging pedestals. Also less maintenance cost. If possible use 277v for power to reduce installation cost for smaller 3 phase areas.",positive,0.9992039799690247,charging
le4tl4y,Deleted,1,"Thst really depends on the agreement and business model of the charging company and if the business owns the property, etc. who pays for the equipment, electricity, installation, maintenance? Is the charging company leasing the space?",positive,0.9984134435653687,charging charging
le87b0y,SomeGuyNamedPaul,1,The Powerwalls run in parallel and in the app appear as one unit.  You need them in parallel because inverter capacity is a limit with any home battery system.  My system gets 5 kW continuous and 7 kW for 20 seconds with the older PW2 units... times 3.  The newer ones do something like 11.5.  That's your actual limit for how much stuff you can have backed up with Powerwalls.  The practical limit is how much battery storage capacity you have versus run time.,positive,0.9954338669776917,battery battery
le4r7qm,Volvowner44,-1,"No slight intended, you do you.  My wife says we're not going that way (I got a BMW iX), but I do envy your charging situation.",positive,0.9770809412002563,charging
le58euw,ow__my__balls,0,"It was in my first sentence, none of the other auto manufacturers or charging companies are vertically integrated themselves let alone across the driving/charging experience. There are inherent issues that arise from needing to be compatible with other systems you have no control over. This is something Tesla hasn't really needed to deal with that will happen as the SC network opens up to other OEMs.",positive,0.9964932799339294,charging
le4gb9q,techno156,1,"The battery seems unnecessary. The proposal isn't to go off-grid and randomly plop them someplace, but to use them to offset the power draw of car charging if there are cars plugged in, whilst still offering about the same level of shelter. Them charging from mains power if solar is unavailable/insufficient is a completely valid option.",positive,0.998130738735199,battery charging charging
le4g2ip,VTbuckeye,3,"A couple years ago one of the free L2 chargers about a mile from work switched to $$. It was actually free for the first 10 hours, then pay, but it changed to 0.19/kWh. There were 6 charge point stations with 2 plugs each (6.6kW split between each pair of plugs). 

I would L2 chargers maybe once per week for 9 hours, adding 35 to 40 percent while at work. once it became cheaper to charge at home then exclusively I stopped charging there. It was never fully occupied (rarely would it even be half occupied). Free stuff does lead to people taking advantage of it (in a good way and bad way). The cheapest option is almost always going to be the preferred option. Having free dcfc leads to even more issues particularly when there are fewer charging options and the cost to install chargers is far more expensive.",positive,0.9985380172729492,charging charging
legi0lg,JustSomeGuy556,1,"Yep.  This is the problem with L2 charging.  For most people, they largely charge home, so you can't really charge more than that, and at that level it's barely even worth the cost to process the payment for an hour or two of charging.  But you make it free and people will abuse it.

At the same time, you want people to not just sit in their car while it charges.

Maybe validate charging with a purchase like some places do for parking, combined with an idle fee?

I'd also like to see more ""Medium speed fast charging"".  Like, 25-50kw chargers around more businesses to encourage that hour long timeframe, but where it still makes sense to actually pay for the power.",positive,0.9972434043884277,charging fast
le6kmtx,MichaelMeier112,2,"Itâ€™s like that in Norway that I visited a few months ago. There are charging poles literally everywhere, but you have to bring your own cable.",positive,0.9830202460289001,charging
le73og2,Deleted,1,"Not very cheap: if in one hour you only get 3kWh, then it's still $ 0,33 per kWh. I'm paying â‚¬ 0,336 at the public level 2 charger, around my home in the Netherlands as well. While it's not expensive either, I wouldn't call it very cheap.

Maybe just reasonable charging rate, or cheapish: but not very ðŸ˜…",positive,0.997218132019043,charging
le4k30j,IM_The_Liquor,1,"Personally, Iâ€™d rather they just had paid parking type fee. $2/hr or whatever. Iâ€™ve seen a few that have 1-2 hours free then a rate that seem to do well enough for turn-over (though there are enough stubborn people out there who just unplug and restart their charge every hour). But yes, 24/7 free charging isnâ€™t ideal.",positive,0.9831812977790833,charging
